{"mean":{"confidence_interval":{"confidence_level":0.95,"lower_bound":9062237.97,"upper_bound":9314572.5},"point_estimate":9185972.23,"standard_error":64458.281871542},"median":{"confidence_interval":{"confidence_level":0.95,"lower_bound":9000574.5,"upper_bound":9281546.0},"point_estimate":9106055.5,"standard_error":68813.11108507149},"median_abs_dev":{"confidence_interval":{"confidence_level":0.95,"lower_bound":423719.27029497933,"upper_bound":764799.9377220869},"point_estimate":550369.2796289921,"standard_error":92034.43647212743},"slope":null,"std_dev":{"confidence_interval":{"confidence_level":0.95,"lower_bound":523808.1196418949,"upper_bound":767805.5066670409},"point_estimate":648293.3957796051,"standard_error":63115.10108955324}}