{"mean":{"confidence_interval":{"confidence_level":0.95,"lower_bound":0.02563747979450559,"upper_bound":0.0635046051106811},"point_estimate":0.044035900068309486,"standard_error":0.009686305865701787},"median":{"confidence_interval":{"confidence_level":0.95,"lower_bound":0.018033958839518194,"upper_bound":0.06240652620498161},"point_estimate":0.03900198682531597,"standard_error":0.011139905053100401}}